region_type,region_name,region_id
state,AS,AS
state,Alabama,AL
state,Alaska,AK
state,Arizona,AZ
state,Arkansas,AR
state,California,CA
state,Colorado,CO
state,Connecticut,CT
state,Delaware,DE
state,District of Columbia,DC
state,Florida,FL
state,Georgia,GA
state,Guam,GU
state,Hawaii,HI
state,Idaho,ID
state,Illinois,IL
state,Indiana,IN
state,Iowa,IA
state,Kansas,KS
state,Kentucky,KY
state,Louisiana,LA
state,Maine,ME
state,Maryland,MD
state,Massachusetts,MA
state,Michigan,MI
state,Minnesota,MN
state,Mississippi,MS
state,Missouri,MO
state,Montana,MT
state,Nebraska,NE
state,Nevada,NV
state,New Hampshire,NH
state,New Jersey,NJ
state,New Mexico,NM
state,New York,NY
state,North Carolina,NC
state,North Dakota,ND
state,Northern Mariana Islands,MP
state,Ohio,OH
state,Oklahoma,OK
state,Oregon,OR
state,Pennsylvania,PA
state,Puerto Rico,PR
state,Rhode Island,RI
state,South Carolina,SC
state,South Dakota,SD
state,Tennessee,TN
state,Texas,TX
state,US Virgin Islands,VI
state,Utah,UT
state,Vermont,VT
state,Virginia,VA
state,Washington,WA
state,West Virginia,WV
state,Wisconsin,WI
state,Wyoming,WY
hospital_system,Adena Health System (OH),HSI00000008
hospital_system,Adventist Health (CA),HSI00000011
hospital_system,Adventist Health System (FL),HSI00000010
hospital_system,Adventist Healthcare (MD),HSI00000012
hospital_system,Advocate Aurora Health (IL),HSI00001277
hospital_system,Alameda Health System (CA),HSI00000018
hospital_system,Albany Medical Center (NY),HSI00000019
hospital_system,Albert Einstein Healthcare Network (PA),HSI00000020
hospital_system,Alecto Healthcare Services (CA),HSI00000021
hospital_system,Allegheny Health Network (PA),HSI00000025
hospital_system,Allina Health System (MN),HSI00000029
hospital_system,Anderson Regional Health System (MS),HSI00000034
hospital_system,Appalachian Regional Healthcare (KY),HSI00000041
hospital_system,Appalachian Regional Healthcare System (NC),HSI00000042
hospital_system,Archbold Medical Center (GA),HSI00000045
hospital_system,Ardent Health Services (TN),HSI00000046
hospital_system,Arnot Health (NY),HSI00000052
hospital_system,Asante Health System (OR),HSI00000054
hospital_system,Ascension Health (MO),HSI00000055
hospital_system,Aspirus (WI),HSI00000057
hospital_system,Astria Health System (WA),HSI00001281
hospital_system,Atlantic Health System (NJ),HSI00000060
hospital_system,Atrium Health (NC),HSI00000173
hospital_system,Augusta University Medical Center (GA),HSI00000064
hospital_system,Aultman Health Foundation (OH),HSI00000065
hospital_system,Avanti Hospitals (CA),HSI00000067
hospital_system,Avera Health (SD),HSI00000068
hospital_system,BJC Healthcare (MO),HSI00000070
hospital_system,Ballad Health (TN),HSI00001284
hospital_system,Banner Health (AZ),HSI00000073
hospital_system,Baptist Health (AL),HSI00000466
hospital_system,Baptist Health (AR),HSI00000074
hospital_system,Baptist Health (FL),HSI00000075
hospital_system,Baptist Health Care (FL),HSI00000076
hospital_system,Baptist Health South Florida (FL),HSI00000077
hospital_system,Baptist Healthcare System (KY),HSI00000080
hospital_system,Baptist Memorial Health Care Corporation (TN),HSI00000081
hospital_system,Barton Healthcare System (CA),HSI00000086
hospital_system,Bassett Healthcare Network (NY),HSI00000087
hospital_system,Bayhealth (DE),HSI00000094
hospital_system,Baylor Scott and White Health (TX),HSI00000096
hospital_system,Baystate Health (MA),HSI00000097
hospital_system,Beacon Health System (IN),HSI00000098
hospital_system,Beaumont Health Systems (MI),HSI00000101
hospital_system,Bellin Health Systems (WI),HSI00000105
hospital_system,Benefis Healthcare System (MT),HSI00000107
hospital_system,Berkshire Health Systems (MA),HSI00000109
hospital_system,Beth Israel Deaconess Medical Center (MA),HSI00000110
hospital_system,Billings Clinic (MT),HSI00000114
hospital_system,Blessing Health System (IL),HSI00000117
hospital_system,Bon Secours Health System (MD),HSI00000125
hospital_system,Bronson Healthcare (MI),HSI00000139
hospital_system,Broward Health (FL),HSI00000745
hospital_system,Bryan Health (NE),HSI00000143
hospital_system,CHOC Childrens (CA),HSI00000214
hospital_system,Cabell Huntington Hospital (WV),HSI00000154
hospital_system,Cape Cod Healthcare (MA),HSI00000161
hospital_system,Cape Fear Valley Health System (NC),HSI00000162
hospital_system,Capital Health System (NJ),HSI00000164
hospital_system,Care New England Health System (RI),HSI00000166
hospital_system,Carepoint Health (NJ),HSI00000169
hospital_system,Carilion Clinic (VA),HSI00000170
hospital_system,Carson Tahoe Health (NV),HSI00000178
hospital_system,Catholic Health Initiatives (CO),HSI00000183
hospital_system,Catholic Health Services of Long Island (NY),HSI00000186
hospital_system,Cayuga Medical Center (NY),HSI00000189
hospital_system,Cedars-Sinai Health System (CA),HSI00000190
hospital_system,Centra Health (VA),HSI00000192
hospital_system,CentraCare Health System (MN),HSI00000193
hospital_system,Central Florida Health Alliance (FL),HSI00000195
hospital_system,Central Maine Healthcare Corporation (ME),HSI00000197
hospital_system,Childrens Health (TX),HSI00000208
hospital_system,Childrens Healthcare of Atlanta (GA),HSI00000209
hospital_system,Childrens Hospital and Health System (WI),HSI00000212
hospital_system,Christus Health (TX),HSI00000152
hospital_system,Citrus Valley Health Partners (CA),HSI00000226
hospital_system,Coastal Carolinas Health Alliance (NC),HSI00000231
hospital_system,Commonwealth Health Corporation (KY),HSI00000244
hospital_system,Community Foundation of Northwest Indiana (IN),HSI00000246
hospital_system,Community Health Network (IN),HSI00000248
hospital_system,Community Health Systems (TN),HSI00000249
hospital_system,Community Hospital Corporation (TX),HSI00000251
hospital_system,Community Memorial Health System (CA),HSI00000255
hospital_system,Community Memorial Hospital Association (MN),HSI00000258
hospital_system,Cone Health (NC),HSI00000263
hospital_system,Confluence Health (WA),HSI00000266
hospital_system,Cook County Health and Hospital System (IL),HSI00000274
hospital_system,Cottage Health System (CA),HSI00000283
hospital_system,Covenant Health (TN),HSI00000286
hospital_system,Covenant Health Systems (MA),HSI00000287
hospital_system,Cox Health (MO),HSI00000290
hospital_system,Curae Health (TN),HSI00000295
hospital_system,DCH Health System (AL),HSI00000297
hospital_system,Dartmouth-Hitchcock (NH),HSI00000299
hospital_system,Deaconess Health System (IN),HSI00000305
hospital_system,Dignity Health (CA),HSI00000314
hospital_system,Duke University Health System (NC),HSI00000323
hospital_system,Eastern Maine Healthcare Systems (ME),HSI00000330
hospital_system,Edward Elmhurst Healthcare (IL),HSI00000334
hospital_system,Emory Healthcare (GA),HSI00000342
hospital_system,Ephraim Mcdowell Health (KY),HSI00000346
hospital_system,Erlanger Health System (TN),HSI00000203
hospital_system,Essentia Health (MN),HSI00000350
hospital_system,Excela Health (PA),HSI00000354
hospital_system,Fairview Health Services (MN),HSI00000357
hospital_system,Faith Regional Health Services (NE),HSI00000358
hospital_system,Finger Lakes Health (NY),HSI00000362
hospital_system,Firsthealth of The Carolinas (NC),HSI00000365
hospital_system,Floyd Medical Center (GA),HSI00000369
hospital_system,Forrest Health (MS),HSI00000371
hospital_system,Franciscan Health (IN),HSI00000375
hospital_system,Franciscan Missionaries of Our Lady Health System (LA),HSI00000376
hospital_system,Freeman Health System (MO),HSI00000381
hospital_system,Froedtert and The Medical College of Wisconsin (WI),HSI00000386
hospital_system,Geisinger Health System (PA),HSI00000388
hospital_system,Genesis Health System (IA),HSI00000390
hospital_system,Greater Hudson Valley Health System (NY),HSI00000423
hospital_system,Greenville Health System (SC),HSI00000424
hospital_system,Gundersen Health System (WI),HSI00000428
hospital_system,Guthrie Healthcare System (PA),HSI00000430
hospital_system,HCA Healthcare (TN),HSI00000492
hospital_system,Hackensack Meridian Health (NJ),HSI00000439
hospital_system,Hartford Healthcare Corporation (CT),HSI00000452
hospital_system,Hawaii Health Systems Corporation (HI),HSI00000454
hospital_system,Hawaii Pacific Health (HI),HSI00000455
hospital_system,Health First (FL),HSI00000461
hospital_system,Health Quest (NY),HSI00000462
hospital_system,HealthPartners (MN),HSI00000464
hospital_system,Henry Ford Health System (MI),HSI00000475
hospital_system,Heritage Valley Health System (PA),HSI00000476
hospital_system,Heywood Healthcare (MA),HSI00000478
hospital_system,Hoag Memorial Hospital Presbyterian (CA),HSI00000484
hospital_system,Holy Family Memorial (WI),HSI00000487
hospital_system,Holzer Health System (OH),HSI00000490
hospital_system,HonorHealth (AZ),HSI00000491
hospital_system,Hospital Sisters Health System (IL),HSI00000496
hospital_system,Houston Healthcare (GA),HSI00000497
hospital_system,Houston Methodist (TX),HSI00001081
hospital_system,Huntsville Hospital Health System (AL),HSI00000467
hospital_system,Indiana University Health (IN),HSI00000510
hospital_system,Infirmary Health System (AL),HSI00000511
hospital_system,Inova Health System (VA),HSI00000513
hospital_system,Inspira Health Network (NJ),HSI00000514
hospital_system,Integris Health (OK),HSI00000507
hospital_system,Intermountain Healthcare (UT),HSI00000516
hospital_system,Jefferson Health (PA),HSI00000048
hospital_system,John Muir Health (CA),HSI00000530
hospital_system,Johns Hopkins Health System (MD),HSI00000531
hospital_system,Kaiser Permanente (CA),HSI00000536
hospital_system,Kaleida Health (NY),HSI00000537
hospital_system,Kalispell Regional Healthcare (MT),HSI00000538
hospital_system,Kettering Health Network (OH),HSI00000546
hospital_system,Kings Daughters Medical Center (KY),HSI00000056
hospital_system,LCMC Health System (LA),HSI00000555
hospital_system,LRG Healthcare (NH),HSI00000558
hospital_system,Lafayette General Health (LA),HSI00000562
hospital_system,Lahey Health System (MA),HSI00000563
hospital_system,Lakeland Regional Health System (MI),HSI00000570
hospital_system,Lecom Health (PA),HSI00000686
hospital_system,Lee Health (FL),HSI00000575
hospital_system,Legacy Health (OR),HSI00000576
hospital_system,Lehigh Valley Health Network (PA),HSI00000577
hospital_system,LifeBridge Health (MD),HSI00000582
hospital_system,Lifepoint Health (TN),HSI00000584
hospital_system,Lifespan (RI),HSI00000585
hospital_system,Little Company of Mary Hospital and Health Care Centers (IL),HSI00000589
hospital_system,Loma Linda University Adventist Health Sciences Center (CA),HSI00000591
hospital_system,Los Angeles County Health Services Department (CA),HSI00000593
hospital_system,Main Line Health (PA),HSI00000608
hospital_system,MaineHealth (ME),HSI00000611
hospital_system,Marshfield Clinic (WI),HSI00000621
hospital_system,Mary Washington Healthcare (VA),HSI00000624
hospital_system,Maury Regional Medical Center (TN),HSI00000630
hospital_system,Mayo Clinic (MN),HSI00000631
hospital_system,McLaren Health Care Corporation (MI),HSI00000636
hospital_system,McLeod Health (SC),HSI00000637
hospital_system,Meadville Medical Center (PA),HSI00000639
hospital_system,MedStar Health (MD),HSI00000640
hospital_system,Medisys Health Network (NY),HSI00000642
hospital_system,Memorial Health System (IL),HSI00000648
hospital_system,Memorial Health System (OH),HSI00000649
hospital_system,Memorial Healthcare System (FL),HSI00000653
hospital_system,Memorial Hermann Healthcare System (TX),HSI00000654
hospital_system,MemorialCare Health System (CA),HSI00000658
hospital_system,Mercy Health (MO),HSI00000660
hospital_system,Mercy Health (OH),HSI00000661
hospital_system,Mercy Health (WI),HSI00000667
hospital_system,Mercy Medical Center (IA),HSI00000666
hospital_system,Methodist Health System (NE),HSI00000672
hospital_system,Methodist Health System (TX),HSI00000673
hospital_system,Methodist Hospital (KY),HSI00000260
hospital_system,Methodist Le Bonheur Healthcare (TN),HSI00000675
hospital_system,MidMichigan Health (MI),HSI00000682
hospital_system,Mission Health System (NC),HSI00000691
hospital_system,Mohawk Valley Health System (NY),HSI00000697
hospital_system,Mon Health (WV),HSI00000698
hospital_system,Montefiore Medical Center (NY),HSI00000700
hospital_system,Mosaic Life Care (MO),HSI00000705
hospital_system,Mount Sinai Health System (NY),HSI00000711
hospital_system,Multicare Health System (WA),HSI00000714
hospital_system,Munson Healthcare (MI),HSI00000715
hospital_system,Navicent Health (GA),HSI00000724
hospital_system,Nemours Childrens Health System (FL),HSI00000725
hospital_system,New York City Health and Hospitals Corporation (NY),HSI00000730
hospital_system,New York Presbyterian Healthcare System (NY),HSI00000731
hospital_system,North Country Healthcare (NH),HSI00001339
hospital_system,North Memorial Health Care (MN),HSI00000749
hospital_system,North Mississippi Health Services (MS),HSI00000750
hospital_system,Northeast Georgia Health System (GA),HSI00000759
hospital_system,Northern Arizona Healthcare (AZ),HSI00000761
hospital_system,Northside Hospital (GA),HSI00000766
hospital_system,Northwell Health (NY),HSI00000767
hospital_system,Northwestern Medicine (IL),HSI00000770
hospital_system,Norton Healthcare (KY),HSI00000771
hospital_system,Novant Health (NC),HSI00000773
hospital_system,OSF Healthcare System (IL),HSI00000776
hospital_system,Ochsner Health System (LA),HSI00000780
hospital_system,Ohiohealth (OH),HSI00000784
hospital_system,Olathe Health System (KS),HSI00000788
hospital_system,Orlando Health (FL),HSI00000796
hospital_system,Owensboro Health (KY),HSI00000802
hospital_system,PIH Health (CA),HSI00000805
hospital_system,Palmetto Health (SC),HSI00000807
hospital_system,Palomar Health (CA),HSI00000809
hospital_system,Parkview Health System (IN),HSI00000811
hospital_system,Partners Healthcare System (MA),HSI00000813
hospital_system,Peacehealth (WA),HSI00000814
hospital_system,Penn Highlands Healthcare (PA),HSI00000819
hospital_system,Penn State Milton S Hershey Medical Center (PA),HSI00000821
hospital_system,Phoebe Putney Health Systems (GA),HSI00000823
hospital_system,Piedmont Healthcare (GA),HSI00000826
hospital_system,Premier Health (OH),HSI00000842
hospital_system,Presbyterian Healthcare Services (NM),HSI00000843
hospital_system,Prime Healthcare Services (CA),HSI00000845
hospital_system,ProMedica Health System (OH),HSI00000848
hospital_system,Prohealth Care (WI),HSI00000847
hospital_system,Prospect Medical Holdings (CA),HSI00000851
hospital_system,Providence Saint Joseph Health (WA),HSI00000852
hospital_system,RWJBarnabas Health (NJ),HSI00000863
hospital_system,Regional Health (SD),HSI00000868
hospital_system,Regional One Health (TN),HSI00000870
hospital_system,Regional West Health Services (NE),HSI00000871
hospital_system,Renown Health (NV),HSI00000874
hospital_system,Ridgeview Medical Center (MN),HSI00000881
hospital_system,Riverside Health System (VA),HSI00000883
hospital_system,Rochester Regional Health System (NY),HSI00000889
hospital_system,Rush Health Systems (MS),HSI00000896
hospital_system,Rush System for Health (IL),HSI00000897
hospital_system,SCL Health (CO),HSI00000991
hospital_system,SSM Health (MO),HSI00000902
hospital_system,Saint Bernards Healthcare (AR),HSI00000911
hospital_system,Saint Charles Health System (OR),HSI00000912
hospital_system,Saint Elizabeth Healthcare (KY),HSI00000917
hospital_system,Saint Francis Health System (OK),HSI00000919
hospital_system,Saint Josephs Candler Health System (GA),HSI00000927
hospital_system,Saint Lawrence Health System (NY),HSI00000930
hospital_system,Saint Lukes Episcopal Presbyterian Hospital (MO),HSI00000933
hospital_system,Saint Lukes Health System (ID),HSI00000934
hospital_system,Saint Lukes Health System (MO),HSI00000935
hospital_system,Saint Lukes Hospital of Duluth (MN),HSI00000937
hospital_system,Saint Lukes University Health Network (PA),HSI00000936
hospital_system,Salem Health (OR),HSI00000947
hospital_system,Salina Regional Health Center (KS),HSI00000948
hospital_system,Samaritan Health Services (OR),HSI00000951
hospital_system,San Francisco Health Network (CA),HSI00001351
hospital_system,Sanford Health (SD),HSI00000958
hospital_system,Scripps Health (CA),HSI00000968
hospital_system,Sentara Healthcare (VA),HSI00000972
hospital_system,Sharp Healthcare (CA),HSI00000977
hospital_system,Shriners Hospitals for Children (FL),HSI00000981
hospital_system,Sinai Health System (IL),HSI00000987
hospital_system,Sisters of Charity Health System (OH),HSI00000990
hospital_system,South Georgia Medical Center (GA),HSI00000999
hospital_system,Southeast Georgia Health System (GA),HSI00001006
hospital_system,Southeast Health (MO),HSI00001007
hospital_system,Southern Illinois Healthcare (IL),HSI00001009
hospital_system,Sparrow Health System (MI),HSI00001018
hospital_system,Spartanburg Regional Healthcare System (SC),HSI00001020
hospital_system,Spectrum Health (MI),HSI00001021
hospital_system,Stanford Health Care (CA),HSI00001033
hospital_system,Steward Health Care System (TX),HSI00001037
hospital_system,Stillwater Medical Center Authority (OK),HSI00001359
hospital_system,Success Healthcare (FL),HSI00001042
hospital_system,Summa Health System (OH),HSI00001043
hospital_system,Summit Health (PA),HSI00001045
hospital_system,Sutter Health (CA),HSI00001050
hospital_system,Tahoe Forest Health System (CA),HSI00001059
hospital_system,Tallahassee Memorial Healthcare (FL),HSI00001060
hospital_system,Tanner Health System (GA),HSI00001061
hospital_system,Temple University Health System (PA),HSI00001065
hospital_system,Tenet Healthcare Corporation (TX),HSI00001066
hospital_system,Texas Health Resources (TX),HSI00001072
hospital_system,The Carle Foundation (IL),HSI00001074
hospital_system,The Childrens Mercy Hospitals and Clinics (MO),HSI00001076
hospital_system,The Cleveland Clinic Health System (OH),HSI00001078
hospital_system,The Nebraska Medical Center (NE),HSI00001085
hospital_system,The Ohio State University Wexner Medical Center (OH),HSI00001086
hospital_system,The Queens Health Systems (HI),HSI00001087
hospital_system,The University of Chicago Medicine (IL),HSI00001089
hospital_system,The University of Kansas Health System (KS),HSI00001173
hospital_system,ThedaCare (WI),HSI00001092
hospital_system,Thomas Health System (WV),HSI00001093
hospital_system,Tidelands Health (SC),HSI00001096
hospital_system,Tift Regional Health System (GA),HSI00001097
hospital_system,Tower Health (PA),HSI00000866
hospital_system,TriHealth (OH),HSI00001104
hospital_system,Trinity Health (MI),HSI00001106
hospital_system,Trinity Health (ND),HSI00001107
hospital_system,Truman Medical Centers (MO),HSI00001110
hospital_system,UAB Health System (AL),HSI00001116
hospital_system,UC Health (CA),HSI00001168
hospital_system,UC Health (OH),HSI00001118
hospital_system,UF Health (FL),HSI00001121
hospital_system,UMass Memorial Health Care (MA),HSI00001122
hospital_system,UNC Health Care System (NC),HSI00001123
hospital_system,UNM Hospitals (NM),HSI00001125
hospital_system,UPMC (PA),HSI00001126
hospital_system,UW Health (WI),HSI00001132
hospital_system,UW Medicine (WA),HSI00001133
hospital_system,Union Health (IN),HSI00001137
hospital_system,United Health Services (NY),HSI00001138
hospital_system,Unity Health (AR),HSI00001145
hospital_system,Unitypoint Health (IA),HSI00001146
hospital_system,Universal Health Services (PA),HSI00001148
hospital_system,University Health Care System (GA),HSI00001151
hospital_system,University Hospitals (OH),HSI00001156
hospital_system,University of Colorado Health (CO),HSI00001169
hospital_system,University of Iowa Hospitals and Clinics (IA),HSI00001172
hospital_system,University of Maryland Medical System (MD),HSI00001175
hospital_system,University of Michigan Health System (MI),HSI00001177
hospital_system,University of Mississippi Health Care (MS),HSI00001155
hospital_system,University of Missouri Health Care (MO),HSI00001178
hospital_system,University of Pennsylvania Health System (PA),HSI00000820
hospital_system,University of Rochester Medical Center (NY),HSI00001179
hospital_system,University of South Alabama Hospitals (AL),HSI00001180
hospital_system,University of Southern California (CA),HSI00001181
hospital_system,University of Texas Health System (TX),HSI00001165
hospital_system,University of Vermont Health Network (VT),HSI00001185
hospital_system,University of Virginia Health System (VA),HSI00001186
hospital_system,Upper Peninsula Health Care Solutions (MI),HSI00001188
hospital_system,VCU Health System (VA),HSI00001213
hospital_system,Valley Health System (VA),HSI00001217
hospital_system,Verity Health System (CA),HSI00001224
hospital_system,Vidant Health (NC),HSI00001230
hospital_system,Virginia Mason Health System (WA),HSI00001232
hospital_system,Virtua Health (NJ),HSI00001233
hospital_system,Wake Forest University Baptist Medical Center (NC),HSI00001235
hospital_system,Wakemed Health and Hospitals (NC),HSI00001236
hospital_system,Washington Health System (PA),HSI00001238
hospital_system,WellStar Health System (GA),HSI00001244
hospital_system,Wellspan Health (PA),HSI00001243
hospital_system,West Tennessee Healthcare (TN),HSI00001250
hospital_system,West Virginia United Health System (WV),HSI00001251
hospital_system,Westchester Medical Center (NY),HSI00001252
hospital_system,Western Connecticut Health Network (CT),HSI00001253
hospital_system,Wheeling Hospital (WV),HSI00001259
hospital_system,White River Health System (AR),HSI00001260
hospital_system,Willis-Knighton Health System (LA),HSI00001263
hospital_system,Yale New Haven Health System (CT),HSI00001272
hsa,"Aberdeen, SD",43001
hsa,"Abilene, TX",45001
hsa,"Abington, PA",39001
hsa,"Akron, OH",36001
hsa,"Alabaster, AL",1001
hsa,"Alamosa, CO",6002
hsa,"Albany, GA",11002
hsa,"Albany, NY",33001
hsa,"Albuquerque, NM",32002
hsa,"Alexandria, LA",19002
hsa,"Alexandria, VA",49002
hsa,"Allentown, PA",39003
hsa,"Alton, IL",14002
hsa,"Amarillo, TX",45006
hsa,"Ames, IA",16003
hsa,"Anacortes, WA",50002
hsa,"Anaheim, CA",5004
hsa,"Anahuac, TX",45007
hsa,"Anchorage, AK",2001
hsa,"Anderson, IN",15001
hsa,"Ann Arbor, MI",23007
hsa,"Anniston, AL",1004
hsa,"Antioch, CA",5005
hsa,"Appleton, WI",52003
hsa,"Arcadia, CA",5007
hsa,"Ardmore, OK",37006
hsa,"Arlington, TX",45012
hsa,"Asheville, NC",34005
hsa,"Athens, AL",1007
hsa,"Athens, GA",11006
hsa,"Atlanta, GA",11007
hsa,"Atlantic City, NJ",31001
hsa,"Atlantis, FL",10003
hsa,"Augusta, GA",11008
hsa,"Aurora, CO",6004
hsa,"Aurora, IL",14005
hsa,"Austell, GA",11009
hsa,"Austin, TX",45016
hsa,"Baker, MT",27002
hsa,"Bakersfield, CA",5015
hsa,"Baltimore, MD",21002
hsa,"Bangor, ME",20002
hsa,"Bartlesville, OK",37008
hsa,"Batavia, OH",36009
hsa,"Baton Rouge, LA",19007
hsa,"Battle Creek, MI",23009
hsa,"Bay City, MI",23010
hsa,"Baytown, TX",45020
hsa,"Beaumont, TX",45021
hsa,"Beaver, PA",39006
hsa,"Beckley, WV",51001
hsa,"Bedford, IN",15005
hsa,"Bedford, TX",45022
hsa,"Beech Grove, IN",15006
hsa,"Belleville, IL",14007
hsa,"Bellevue, WA",50005
hsa,"Beloit, KS",17011
hsa,"Benton, AR",4004
hsa,"Bethlehem, PA",39008
hsa,"Billings, MT",27005
hsa,"Binghamton, NY",33010
hsa,"Birmingham, AL",1011
hsa,"Bishop, CA",5022
hsa,"Bismarck, ND",35002
hsa,"Blackfoot, ID",13003
hsa,"Blacksburg, VA",49006
hsa,"Bloomington, IL",14011
hsa,"Bloomington, IN",15007
hsa,"Bluefield, WV",51003
hsa,"Boca Raton, FL",10009
hsa,"Boise, ID",13004
hsa,"Boone, NC",34010
hsa,"Boston, MA",22006
hsa,"Boulder, CO",6005
hsa,"Bountiful, UT",46003
hsa,"Bowling Green, KY",18007
hsa,"Bozeman, MT",27006
hsa,"Bradenton, FL",10012
hsa,"Bridgeport, CT",7001
hsa,"Bristol, TN",44003
hsa,"Brockton, MA",22007
hsa,"Bronx, NY",33012
hsa,"Brooklyn, NY",33014
hsa,"Brownsville, TX",45034
hsa,"Bryan, OH",36016
hsa,"Bryan, TX",45036
hsa,"Buffalo, NY",33015
hsa,"Bullhead City, AZ",3003
hsa,"Burbank, CA",5028
hsa,"Burlington, WI",52016
hsa,"Cambridge, MA",22009
hsa,"Camden, NJ",31005
hsa,"Canoga Park, CA",5032
hsa,"Canton, OH",36020
hsa,"Cape Girardeau, MO",26013
hsa,"Carson City, NV",29003
hsa,"Casper, WY",53003
hsa,"Cedar Rapids, IA",16014
hsa,"Chandler, AZ",3005
hsa,"Charleston, SC",42010
hsa,"Charleston, WV",51005
hsa,"Charlotte, NC",34016
hsa,"Charlottesville, VA",49007
hsa,"Chattanooga, TN",44009
hsa,"Chicago, IL",14023
hsa,"Chico, CA",5037
hsa,"Cincinnati, OH",36023
hsa,"Cleveland, OH",36025
hsa,"Clinton, MD",21007
hsa,"Coeur D'Alene, ID",13009
hsa,"Colorado Springs, CO",6011
hsa,"Columbia, LA",19016
hsa,"Columbia, MO",26021
hsa,"Columbia, SC",42014
hsa,"Columbus, GA",11032
hsa,"Columbus, OH",36027
hsa,"Conroe, TX",45060
hsa,"Conway, AR",4015
hsa,"Cooperstown, NY",33025
hsa,"Coos Bay, OR",38010
hsa,"Corbin, KY",18015
hsa,"Corpus Christi, TX",45061
hsa,"Council Bluffs, IA",16024
hsa,"Covington, LA",19018
hsa,"Crown Point, IN",15019
hsa,"Cumberland, MD",21010
hsa,"Dallas, TX",45068
hsa,"Dalton, GA",11041
hsa,"Danville, IN",15020
hsa,"Danville, KY",18018
hsa,"Danville, PA",39031
hsa,"Davenport, IA",16027
hsa,"Dayton, OH",36032
hsa,"Daytona Beach, FL",10027
hsa,"De Kalb, IL",14028
hsa,"De Land, FL",10029
hsa,"Decatur, GA",11043
hsa,"Decatur, IL",14029
hsa,"Defiance, OH",36033
hsa,"Denison, TX",45072
hsa,"Denton, TX",45073
hsa,"Denver, CO",6016
hsa,"Des Moines, IA",16031
hsa,"Detroit, MI",23026
hsa,"Dothan, AL",1026
hsa,"Downey, CA",5059
hsa,"Dubuque, IA",16032
hsa,"Duluth, MN",24033
hsa,"Dunedin, FL",10032
hsa,"Durango, CO",6017
hsa,"Durham, NC",34024
hsa,"East Chicago, IN",15023
hsa,"East Stroudsburg, PA",39036
hsa,"Easton, PA",39037
hsa,"Eau Claire, WI",52027
hsa,"Edinburg, TX",45083
hsa,"El Paso, TX",45086
hsa,"Elgin, IL",14037
hsa,"Elizabeth City, NC",34027
hsa,"Elizabeth, NJ",31011
hsa,"Elkhorn, WI",52029
hsa,"Elmhurst, IL",14039
hsa,"Enid, OK",37032
hsa,"Erie, PA",39041
hsa,"Evanston, IL",14040
hsa,"Evansville, IN",15026
hsa,"Fairbanks, AK",2003
hsa,"Fall River, MA",22014
hsa,"Fargo/Moorhead MN, ND",35014
hsa,"Farmington, MO",26029
hsa,"Fayetteville, AR",4026
hsa,"Fayetteville, NC",34031
hsa,"Flint, MI",23031
hsa,"Florence, SC",42021
hsa,"Flushing, NY",33039
hsa,"Folsom, CA",5071
hsa,"Forrest City, AR",4028
hsa,"Fort Collins, CO",6022
hsa,"Fort Lauderdale, FL",10036
hsa,"Fort Myers, FL",10037
hsa,"Fort Smith, AR",4029
hsa,"Fort Thomas, KY",18022
hsa,"Fort Wayne, IN",15027
hsa,"Fort Worth, TX",45095
hsa,"Fountain Valley, CA",5075
hsa,"Fredericksburg, VA",49017
hsa,"Fremont, CA",5077
hsa,"Fresno, CA",5078
hsa,"Fullerton, CA",5079
hsa,"Gadsden, AL",1039
hsa,"Gainesville, FL",10040
hsa,"Galax, VA",49019
hsa,"Galesburg, IL",14047
hsa,"Gallipolis, OH",36044
hsa,"Galveston, TX",45099
hsa,"Gardena, CA",5082
hsa,"Gary, IN",15030
hsa,"Geneva, OH",36046
hsa,"Glasgow, KY",18027
hsa,"Glendale, CA",5084
hsa,"Glendora, CA",5085
hsa,"Glenwood Springs, CO",6025
hsa,"Grand Forks, ND",35017
hsa,"Grand Island, NE",28034
hsa,"Grand Junction, CO",6026
hsa,"Grand Rapids, MI",23039
hsa,"Grapevine, TX",45114
hsa,"Great Bend, KS",17037
hsa,"Great Falls, MT",27022
hsa,"Greeley, CO",6027
hsa,"Green Bay, WI",52035
hsa,"Greenbrae, CA",5088
hsa,"Greensboro, NC",34036
hsa,"Greensburg, PA",39046
hsa,"Greenville, MS",25029
hsa,"Greenville, PA",39047
hsa,"Greenville, SC",42024
hsa,"Greer, SC",42026
hsa,"Grosse Pointe, MI",23042
hsa,"Gulfport, MS",25032
hsa,"Hackensack, NJ",31016
hsa,"Hagerstown, MD",21017
hsa,"Hamilton, OH",36050
hsa,"Hammond, IN",15035
hsa,"Hammond, LA",19033
hsa,"Harlingen, TX",45122
hsa,"Harrisburg, PA",39050
hsa,"Hartford, CT",7007
hsa,"Hattiesburg, MS",25033
hsa,"Henderson, NV",29008
hsa,"Hendersonville, NC",34040
hsa,"Hialeah, FL",10045
hsa,"Hickory, NC",34041
hsa,"Hillsboro, OR",38024
hsa,"Hilo, HI",12001
hsa,"Hinsdale, IL",14062
hsa,"Hollywood, FL",10046
hsa,"Honolulu, HI",12003
hsa,"Hot Springs, AR",4035
hsa,"Houma, LA",19036
hsa,"Houston, TX",45131
hsa,"Huntington, WV",51014
hsa,"Huntsville, AL",1051
hsa,"Hutchinson, KS",17052
hsa,"Idaho Falls, ID",13017
hsa,"Indianapolis, IN",15039
hsa,"Iowa City, IA",16054
hsa,"Jackson, MS",25039
hsa,"Jackson, TN",44037
hsa,"Jacksonville, FL",10050
hsa,"Jacksonville, TX",45138
hsa,"Jamaica, NY",33057
hsa,"Janesville, WI",52041
hsa,"Jefferson City, MO",26039
hsa,"Jersey City, NJ",31023
hsa,"Johnson City, TN",44041
hsa,"Johnstown, PA",39059
hsa,"Joliet, IL",14068
hsa,"Jonesboro, AR",4039
hsa,"Joplin, MO",26040
hsa,"Kalamazoo, MI",23058
hsa,"Kalispell, MT",27028
hsa,"Kankakee, IL",14069
hsa,"Kansas City, KS",17058
hsa,"Kansas City, MO",26041
hsa,"Kearney, NE",28042
hsa,"Kenosha, WI",52043
hsa,"Kettering, OH",36055
hsa,"Killeen, TX",45148
hsa,"Kimball, NE",28043
hsa,"Kingsport, TN",44042
hsa,"Kingston, NY",33060
hsa,"Kissimmee, FL",10056
hsa,"Knoxville, TN",44043
hsa,"Kokomo, IN",15044
hsa,"La Crosse, WI",52045
hsa,"La Jolla, CA",5108
hsa,"Lafayette, IN",15045
hsa,"Lafayette, LA",19046
hsa,"Lake Charles, LA",19047
hsa,"Lake City, FL",10058
hsa,"Lakewood, NJ",31025
hsa,"Lancaster, CA",5117
hsa,"Lancaster, PA",39063
hsa,"Lansing, MI",23062
hsa,"Laporte, IN",15047
hsa,"Laredo, TX",45156
hsa,"Las Cruces, NM",32015
hsa,"Las Vegas, NV",29010
hsa,"Latrobe, PA",39066
hsa,"Laurel, MS",25042
hsa,"Lawrenceville, GA",11075
hsa,"Lawton, OK",37049
hsa,"Layton, UT",46011
hsa,"Leavenworth, KS",17065
hsa,"Lebanon, NH",30013
hsa,"Lees Summit, MO",26048
hsa,"Leesburg, FL",10063
hsa,"Lehigh Acres, FL",10064
hsa,"Lehighton, PA",39068
hsa,"Lewiston, ID",13020
hsa,"Lewiston, ME",20019
hsa,"Lewisville, TX",45158
hsa,"Lexington, KY",18045
hsa,"Lihue, HI",12010
hsa,"Lima, OH",36058
hsa,"Lincoln, NE",28045
hsa,"Little Rock, AR",4041
hsa,"Llano, TX",45163
hsa,"Logan, UT",46012
hsa,"Loma Linda, CA",5121
hsa,"Long Beach, CA",5124
hsa,"Longmont, CO",6038
hsa,"Longview, TX",45167
hsa,"Lorain, OH",36062
hsa,"Los Angeles, CA",5126
hsa,"Louisville, KY",18049
hsa,"Loveland, CO",6039
hsa,"Lowell, MA",22027
hsa,"Lubbock, TX",45168
hsa,"Lucedale, MS",25046
hsa,"Lufkin, TX",45169
hsa,"Luling, TX",45170
hsa,"Lynchburg, VA",49032
hsa,"Lynwood, CA",5130
hsa,"Macon, GA",11078
hsa,"Madera, CA",5131
hsa,"Madison, WI",52048
hsa,"Madisonville, KY",18050
hsa,"Manassas, VA",49033
hsa,"Manchester, NH",30015
hsa,"Manhasset, NY",33070
hsa,"Manhattan, KS",17071
hsa,"Manhattan, NY",33080
hsa,"Mansfield, OH",36064
hsa,"Manteca, CA",5133
hsa,"Marietta, GA",11080
hsa,"Marietta, OH",36065
hsa,"Marion, KY",18052
hsa,"Marrero, LA",19057
hsa,"Mason City, IA",16068
hsa,"McAllen, TX",45175
hsa,"McKeesport, PA",39075
hsa,"McKinney, TX",45177
hsa,"Medford, OR",38034
hsa,"Melbourne, FL",10073
hsa,"Melrose Park, IL",14084
hsa,"Memphis, TN",44059
hsa,"Merced, CA",5138
hsa,"Meriden, CT",7009
hsa,"Meridian, MS",25056
hsa,"Mesa, AZ",3016
hsa,"Metairie, LA",19059
hsa,"Miami, FL",10074
hsa,"Midland, TX",45181
hsa,"Midwest City, OK",37056
hsa,"Miles City, MT",27033
hsa,"Milwaukee, WI",52057
hsa,"Minneapolis, MN",24076
hsa,"Minot, ND",35031
hsa,"Mission Hills, CA",5139
hsa,"Mission Viejo, CA",5140
hsa,"Missoula, MT",27034
hsa,"Mobile, AL",1057
hsa,"Modesto, CA",5141
hsa,"Monroe, LA",19061
hsa,"Monroeville, PA",39082
hsa,"Monterey Park, CA",5146
hsa,"Montgomery, AL",1059
hsa,"Monticello, UT",46015
hsa,"Morgantown, WV",51024
hsa,"Morristown, NJ",31031
hsa,"Morristown, TN",44061
hsa,"Moultrie, GA",11088
hsa,"Mount Clemens, MI",23078
hsa,"Mount Holly, NJ",31032
hsa,"Mount Pleasant, SC",42036
hsa,"Mount Vernon, IL",14093
hsa,"Mount Vernon, WA",50036
hsa,"Mountain Home, AR",4049
hsa,"Muncie, IN",15057
hsa,"Munster, IN",15058
hsa,"Murfreesboro, TN",44062
hsa,"Muscle Shoals/Sheffield, AL",1061
hsa,"Muskegon, MI",23081
hsa,"Muskogee, OK",37058
hsa,"Myrtle Beach, SC",42038
hsa,"Nacogdoches, TX",45191
hsa,"Nampa, ID",13026
hsa,"Naperville, IL",14095
hsa,"Naples, FL",10077
hsa,"Nashua, NH",30016
hsa,"Nashville, TN",44063
hsa,"Natchez, MS",25059
hsa,"Natchitoches, LA",19064
hsa,"Natick, MA",22039
hsa,"Neenah, WI",52059
hsa,"New Albany, IN",15059
hsa,"New Braunfels, TX",45196
hsa,"New Britain, CT",7012
hsa,"New Brunswick, NJ",31034
hsa,"New Haven, CT",7013
hsa,"New Orleans, LA",19066
hsa,"New Port Richey, FL",10078
hsa,"Newark, NJ",31035
hsa,"Newark, OH",36080
hsa,"Newnan, GA",11090
hsa,"Newport Beach, CA",5155
hsa,"Newport News, VA",49037
hsa,"Norfolk, VA",49038
hsa,"Norman, OK",37059
hsa,"Norristown, PA",39090
hsa,"North Kansas City, MO",26066
hsa,"North Little Rock, AR",4054
hsa,"Nyack, NY",33088
hsa,"Oak Lawn, IL",14097
hsa,"Oak Park, IL",14098
hsa,"Oakland, CA",5161
hsa,"Ocala, FL",10083
hsa,"Oconomowoc, WI",52063
hsa,"Odessa, TX",45198
hsa,"Ogden, UT",46020
hsa,"Oklahoma City, OK",37063
hsa,"Olathe, KS",17087
hsa,"Olympia, WA",50039
hsa,"Omaha, NE",28056
hsa,"Oneida, TN",44066
hsa,"Opelousas, LA",19071
hsa,"Orange Park, FL",10085
hsa,"Orange, CA",5165
hsa,"Oregon, OH",36084
hsa,"Orlando, FL",10086
hsa,"Oxford, MS",25063
hsa,"Paducah, KY",18066
hsa,"Palm Beach Gardens, FL",10090
hsa,"Panama City, FL",10091
hsa,"Panorama City, CA",5171
hsa,"Paris, TX",45204
hsa,"Park Ridge, IL",14104
hsa,"Parma/Middleburg Heights, OH",36088
hsa,"Parsons, KS",17094
hsa,"Pasadena, TX",45205
hsa,"Payson, UT",46023
hsa,"Pembroke Pines, FL",10092
hsa,"Pensacola, FL",10093
hsa,"Peoria, IL",14106
hsa,"Petersburg, VA",49042
hsa,"Petoskey, MI",23088
hsa,"Philadelphia, PA",39095
hsa,"Phoenix, AZ",3022
hsa,"Phoenixville, PA",39097
hsa,"Pinehurst, NC",34066
hsa,"Pittsburgh, PA",39098
hsa,"Plano, TX",45211
hsa,"Pocatello, ID",13028
hsa,"Pomona, CA",5183
hsa,"Pontiac, MI",23091
hsa,"Port Arthur, TX",45212
hsa,"Port Charlotte, FL",10099
hsa,"Port Huron, MI",23092
hsa,"Port Jefferson, NY",33101
hsa,"Porterville, CA",5185
hsa,"Portland, ME",20025
hsa,"Portland, OR",38043
hsa,"Portsmouth, OH",36093
hsa,"Pottsville, PA",39100
hsa,"Prestonsburg, KY",18071
hsa,"Providence, RI",41005
hsa,"Provo, UT",46025
hsa,"Pueblo, CO",6042
hsa,"Raleigh, NC",34068
hsa,"Rapid City, SD",43036
hsa,"Reading, PA",39103
hsa,"Redding, CA",5191
hsa,"Redwood City, CA",5194
hsa,"Reno, NV",29013
hsa,"Renton, WA",50050
hsa,"Reston, VA",49046
hsa,"Rhinelander, WI",52079
hsa,"Richmond, VA",49048
hsa,"Riverside, CA",5198
hsa,"Robbinsdale, MN",24100
hsa,"Rochester, MN",24101
hsa,"Rochester, NY",33107
hsa,"Rockford, IL",14117
hsa,"Rockville, MD",21028
hsa,"Rocky Mount, NC",34072
hsa,"Rome, GA",11098
hsa,"Roseville, CA",5199
hsa,"Roswell, GA",11099
hsa,"Roswell, NM",32021
hsa,"Round Rock, TX",45225
hsa,"Rowlett, TX",45226
hsa,"Royal Oak, MI",23097
hsa,"Ruston, LA",19078
hsa,"Sacramento, CA",5200
hsa,"Saginaw, MI",23098
hsa,"Salem, OR",38048
hsa,"Salina, KS",17103
hsa,"Salinas, CA",5201
hsa,"Salisbury, MD",21029
hsa,"Salt Lake City, UT",46028
hsa,"San Angelo, TX",45228
hsa,"San Antonio, TX",45229
hsa,"San Bernardino, CA",5203
hsa,"San Diego, CA",5205
hsa,"San Francisco, CA",5208
hsa,"San Gabriel, CA",5209
hsa,"San Jose, CA",5210
hsa,"San Leandro, CA",5211
hsa,"San Luis Obispo, CA",5212
hsa,"Sanford, FL",10106
hsa,"Santa Ana, CA",5218
hsa,"Santa Barbara, CA",5219
hsa,"Santa Cruz, CA",5221
hsa,"Santa Fe, NM",32023
hsa,"Santa Monica, CA",5223
hsa,"Santa Rosa, CA",5225
hsa,"Sarasota, FL",10107
hsa,"Savannah, GA",11102
hsa,"Sayre, PA",39108
hsa,"Schenectady, NY",33113
hsa,"Scottsbluff, NE",28068
hsa,"Scottsdale, AZ",3025
hsa,"Scranton, PA",39109
hsa,"Searcy, AR",4066
hsa,"Seattle, WA",50054
hsa,"Sebring, FL",10109
hsa,"Shawnee Mission/Overland, KS",17108
hsa,"Shawnee, OK",37080
hsa,"Sheboygan, WI",52085
hsa,"Sherman, TX",45237
hsa,"Shreveport, LA",19080
hsa,"Sidney, MT",27046
hsa,"Silver Spring, MD",21030
hsa,"Sioux City, IA",16098
hsa,"Sioux Falls, SD",43039
hsa,"Slidell, LA",19081
hsa,"South Bend, IN",15076
hsa,"South Miami, FL",10111
hsa,"Southfield, MI",23105
hsa,"Spartanburg, SC",42046
hsa,"Spokane, WA",50059
hsa,"Springdale, AR",4068
hsa,"Springfield, IL",14128
hsa,"Springfield, MA",22058
hsa,"Springfield, MO",26079
hsa,"Springfield, OH",36099
hsa,"Springfield, OR",38051
hsa,"St. Charles, MO",26080
hsa,"St. George, UT",46030
hsa,"St. Joseph, MO",26081
hsa,"St. Louis, MO",26082
hsa,"St. Paul, MN",24116
hsa,"St. Petersburg, FL",10115
hsa,"Stanford, CA",5237
hsa,"Staten Island, NY",33121
hsa,"Statesville, NC",34085
hsa,"Sterling, IL",14131
hsa,"Stevens Point, WI",52091
hsa,"Stockton, CA",5239
hsa,"Stoughton, MA",22060
hsa,"Sun City, AZ",3029
hsa,"Syracuse, NY",33125
hsa,"Tacoma, WA",50061
hsa,"Tallahassee, FL",10119
hsa,"Tampa, FL",10121
hsa,"Taylor, MI",23113
hsa,"Temple, TX",45251
hsa,"Terre Haute, IN",15079
hsa,"Texarkana, TX",45253
hsa,"Thornton, CO",6049
hsa,"Toledo, OH",36104
hsa,"Topeka, KS",17115
hsa,"Torrance, CA",5248
hsa,"Traverse City, MI",23116
hsa,"Trenton, NJ",31063
hsa,"Troy, NY",33127
hsa,"Troy, OH",36105
hsa,"Tucson, AZ",3032
hsa,"Tulsa, OK",37088
hsa,"Tupelo, MS",25084
hsa,"Tuscaloosa, AL",1082
hsa,"Twin Falls, ID",13038
hsa,"Tyler, TX",45260
hsa,"Upland, CA",5254
hsa,"Urbana, IL",14136
hsa,"Utica, NY",33128
hsa,"Vallejo, CA",5257
hsa,"Van Nuys, CA",5258
hsa,"Vancouver, WA",50064
hsa,"Venice, FL",10125
hsa,"Ventura, CA",5259
hsa,"Vicksburg, MS",25087
hsa,"Victoria, TX",45264
hsa,"Victorville, CA",5260
hsa,"Virginia Beach, VA",49059
hsa,"Waco, TX",45265
hsa,"Wailuku, HI",12013
hsa,"Walnut Creek, CA",5262
hsa,"Warren, MI",23119
hsa,"Warren, OH",36110
hsa,"Washington, DC",9001
hsa,"Washington, PA",39131
hsa,"Waterbury, CT",7026
hsa,"Waterloo, IA",16106
hsa,"Waukegan, IL",14139
hsa,"Wausau, WI",52102
hsa,"Waxahachie, TX",45266
hsa,"Webster, TX",45268
hsa,"Weirton, WV",51042
hsa,"Wenatchee, WA",50066
hsa,"West Allis, WI",52103
hsa,"West Covina, CA",5265
hsa,"West Monroe, LA",19090
hsa,"West Palm Beach, FL",10128
hsa,"Westfield, MA",22066
hsa,"Westlake, OH",36118
hsa,"White Plains, NY",33139
hsa,"Whittier, CA",5270
hsa,"Wichita Falls, TX",45276
hsa,"Wichita, KS",17123
hsa,"Wildomar/Murrieta, CA",5271
hsa,"Wilkes-Barre, PA",39137
hsa,"Williamsburg, VA",49062
hsa,"Williamston, NC",34096
hsa,"Willingboro, NJ",31068
hsa,"Williston, ND",35045
hsa,"Wilmington, DE",8005
hsa,"Wilmington, NC",34097
hsa,"Winston-Salem, NC",34100
hsa,"Winter Haven, FL",10131
hsa,"Woodruff, WI",52108
hsa,"Worcester, MA",22070
hsa,"Worland, WY",53026
hsa,"Wyandotte, MI",23124
hsa,"Yonkers, NY",33140
hsa,"York, PA",39140
hsa,"Youngstown, OH",36123
hsa,"Zachary, LA",19093
hrr,"Abilene, TX",382
hrr,"Akron, OH",325
hrr,"Alameda County, CA",65
hrr,"Albany, GA",142
hrr,"Albany, NY",295
hrr,"Albuquerque, NM",293
hrr,"Alexandria, LA",209
hrr,"Allentown, PA",346
hrr,"Altoona, PA",347
hrr,"Amarillo, TX",383
hrr,"Anchorage, AK",10
hrr,"Ann Arbor, MI",232
hrr,"Appleton, WI",446
hrr,"Arlington, VA",426
hrr,"Asheville, NC",309
hrr,"Atlanta, GA",144
hrr,"Augusta, GA",145
hrr,"Aurora, IL",154
hrr,"Austin, TX",385
hrr,"Bakersfield, CA",25
hrr,"Baltimore, MD",223
hrr,"Bangor, ME",221
hrr,"Baton Rouge, LA",210
hrr,"Beaumont, TX",386
hrr,"Bend, OR",341
hrr,"Billings, MT",274
hrr,"Binghamton, NY",296
hrr,"Birmingham, AL",1
hrr,"Bismarck, ND",321
hrr,"Bloomington, IL",175
hrr,"Blue Island, IL",155
hrr,"Boise, ID",151
hrr,"Boston, MA",227
hrr,"Boulder, CO",101
hrr,"Bradenton, FL",115
hrr,"Bridgeport, CT",109
hrr,"Bronx, NY",297
hrr,"Bryan, TX",388
hrr,"Buffalo, NY",299
hrr,"Burlington, VT",424
hrr,"Camden, NJ",283
hrr,"Canton, OH",326
hrr,"Cape Girardeau, MO",263
hrr,"Casper, WY",457
hrr,"Cedar Rapids, IA",190
hrr,"Charleston, SC",365
hrr,"Charleston, WV",443
hrr,"Charlotte, NC",311
hrr,"Charlottesville, VA",427
hrr,"Chattanooga, TN",373
hrr,"Chicago, IL",156
hrr,"Chico, CA",31
hrr,"Cincinnati, OH",327
hrr,"Clearwater, FL",116
hrr,"Cleveland, OH",328
hrr,"Colorado Springs, CO",102
hrr,"Columbia, MO",264
hrr,"Columbia, SC",366
hrr,"Columbus, GA",146
hrr,"Columbus, OH",329
hrr,"Contra Costa County, CA",33
hrr,"Corpus Christi, TX",390
hrr,"Covington, KY",203
hrr,"Dallas, TX",391
hrr,"Danville, PA",350
hrr,"Davenport, IA",191
hrr,"Dayton, OH",330
hrr,"Dearborn, MI",233
hrr,"Denver, CO",103
hrr,"Des Moines, IA",192
hrr,"Detroit, MI",234
hrr,"Dothan, AL",2
hrr,"Dubuque, IA",193
hrr,"Duluth, MN",250
hrr,"Durham, NC",312
hrr,"East Long Island, NY",301
hrr,"El Paso, TX",393
hrr,"Elgin, IL",158
hrr,"Elmira, NY",300
hrr,"Elyria, OH",331
hrr,"Erie, PA",351
hrr,"Eugene, OR",342
hrr,"Evanston, IL",161
hrr,"Evansville, IN",179
hrr,"Everett, WA",437
hrr,"Fargo/Moorhead MN, ND",322
hrr,"Flint, MI",235
hrr,"Florence, SC",367
hrr,"Fort Collins, CO",104
hrr,"Fort Lauderdale, FL",118
hrr,"Fort Myers, FL",119
hrr,"Fort Smith, AR",16
hrr,"Fort Wayne, IN",180
hrr,"Fort Worth, TX",394
hrr,"Fresno, CA",43
hrr,"Gainesville, FL",120
hrr,"Gary, IN",181
hrr,"Grand Forks, ND",323
hrr,"Grand Junction, CO",105
hrr,"Grand Rapids, MI",236
hrr,"Great Falls, MT",275
hrr,"Greeley, CO",106
hrr,"Green Bay, WI",447
hrr,"Greensboro, NC",313
hrr,"Greenville, NC",314
hrr,"Greenville, SC",368
hrr,"Gulfport, MS",257
hrr,"Hackensack, NJ",284
hrr,"Harlingen, TX",396
hrr,"Harrisburg, PA",352
hrr,"Hartford, CT",110
hrr,"Hattiesburg, MS",258
hrr,"Hickory, NC",315
hrr,"Hinsdale, IL",163
hrr,"Honolulu, HI",150
hrr,"Houma, LA",212
hrr,"Houston, TX",397
hrr,"Hudson, FL",122
hrr,"Huntington, WV",444
hrr,"Huntsville, AL",5
hrr,"Idaho Falls, ID",152
hrr,"Indianapolis, IN",183
hrr,"Iowa City, IA",194
hrr,"Jackson, MS",259
hrr,"Jackson, TN",374
hrr,"Jacksonville, FL",123
hrr,"Johnson City, TN",375
hrr,"Johnstown, PA",354
hrr,"Joliet, IL",164
hrr,"Jonesboro, AR",18
hrr,"Joplin, MO",267
hrr,"Kalamazoo, MI",238
hrr,"Kansas City, MO",268
hrr,"Kettering, OH",332
hrr,"Kingsport, TN",376
hrr,"Knoxville, TN",377
hrr,"La Crosse, WI",448
hrr,"Lafayette, IN",184
hrr,"Lafayette, LA",213
hrr,"Lake Charles, LA",214
hrr,"Lakeland, FL",124
hrr,"Lancaster, PA",355
hrr,"Lansing, MI",239
hrr,"Las Vegas, NV",279
hrr,"Lawton, OK",336
hrr,"Lebanon, NH",281
hrr,"Lexington, KY",204
hrr,"Lincoln, NE",277
hrr,"Little Rock, AR",19
hrr,"Longview, TX",399
hrr,"Los Angeles, CA",56
hrr,"Louisville, KY",205
hrr,"Lubbock, TX",400
hrr,"Lynchburg, VA",428
hrr,"Macon, GA",147
hrr,"Madison, WI",449
hrr,"Manchester, NH",282
hrr,"Manhattan, NY",303
hrr,"Marquette, MI",240
hrr,"Marshfield, WI",450
hrr,"Mason City, IA",195
hrr,"McAllen, TX",402
hrr,"Medford, OR",343
hrr,"Melrose Park, IL",166
hrr,"Memphis, TN",379
hrr,"Meridian, MS",260
hrr,"Mesa, AZ",11
hrr,"Metairie, LA",216
hrr,"Miami, FL",127
hrr,"Milwaukee, WI",451
hrr,"Minneapolis, MN",251
hrr,"Minot, ND",324
hrr,"Missoula, MT",276
hrr,"Mobile, AL",6
hrr,"Modesto, CA",58
hrr,"Monroe, LA",217
hrr,"Montgomery, AL",7
hrr,"Morgantown, WV",445
hrr,"Morristown, NJ",285
hrr,"Muncie, IN",185
hrr,"Munster, IN",186
hrr,"Muskegon, MI",242
hrr,"Napa, CA",62
hrr,"Nashville, TN",380
hrr,"Neenah, WI",452
hrr,"New Brunswick, NJ",288
hrr,"New Haven, CT",111
hrr,"New Orleans, LA",218
hrr,"Newark, NJ",289
hrr,"Newport News, VA",429
hrr,"Norfolk, VA",430
hrr,"Ocala, FL",129
hrr,"Odessa, TX",406
hrr,"Ogden, UT",421
hrr,"Oklahoma City, OK",339
hrr,"Olympia, WA",438
hrr,"Omaha, NE",278
hrr,"Orange County, CA",23
hrr,"Orlando, FL",130
hrr,"Ormond Beach, FL",131
hrr,"Owensboro, KY",207
hrr,"Oxford, MS",261
hrr,"Paducah, KY",208
hrr,"Palm Springs/Rancho Mira, CA",69
hrr,"Panama City, FL",133
hrr,"Paterson, NJ",291
hrr,"Pensacola, FL",134
hrr,"Peoria, IL",170
hrr,"Petoskey, MI",243
hrr,"Philadelphia, PA",356
hrr,"Phoenix, AZ",12
hrr,"Pittsburgh, PA",357
hrr,"Pontiac, MI",244
hrr,"Portland, ME",222
hrr,"Portland, OR",344
hrr,"Providence, RI",364
hrr,"Provo, UT",422
hrr,"Pueblo, CO",107
hrr,"Raleigh, NC",318
hrr,"Rapid City, SD",370
hrr,"Reading, PA",358
hrr,"Redding, CA",73
hrr,"Reno, NV",280
hrr,"Richmond, VA",431
hrr,"Ridgewood, NJ",292
hrr,"Roanoke, VA",432
hrr,"Rochester, MN",253
hrr,"Rochester, NY",304
hrr,"Rockford, IL",171
hrr,"Rome, GA",148
hrr,"Royal Oak, MI",245
hrr,"Sacramento, CA",77
hrr,"Saginaw, MI",246
hrr,"Salem, OR",345
hrr,"Salinas, CA",78
hrr,"Salisbury, MD",225
hrr,"Salt Lake City, UT",423
hrr,"San Angelo, TX",411
hrr,"San Antonio, TX",412
hrr,"San Bernardino, CA",79
hrr,"San Diego, CA",80
hrr,"San Francisco, CA",81
hrr,"San Jose, CA",82
hrr,"San Luis Obispo, CA",83
hrr,"San Mateo County, CA",85
hrr,"Santa Barbara, CA",86
hrr,"Santa Cruz, CA",87
hrr,"Santa Rosa, CA",89
hrr,"Sarasota, FL",137
hrr,"Savannah, GA",149
hrr,"Sayre, PA",359
hrr,"Scranton, PA",360
hrr,"Seattle, WA",439
hrr,"Shreveport, LA",219
hrr,"Sioux City, IA",196
hrr,"Sioux Falls, SD",371
hrr,"Slidell, LA",220
hrr,"South Bend, IN",187
hrr,"Spartanburg, SC",369
hrr,"Spokane, WA",440
hrr,"Springdale, AR",21
hrr,"Springfield, IL",172
hrr,"Springfield, MA",230
hrr,"Springfield, MO",270
hrr,"St. Cloud, MN",254
hrr,"St. Joseph, MI",248
hrr,"St. Louis, MO",273
hrr,"St. Paul, MN",256
hrr,"St. Petersburg, FL",139
hrr,"Stockton, CA",91
hrr,"Sun City, AZ",14
hrr,"Syracuse, NY",307
hrr,"Tacoma, WA",441
hrr,"Takoma Park, MD",226
hrr,"Tallahassee, FL",140
hrr,"Tampa, FL",141
hrr,"Temple, TX",413
hrr,"Terre Haute, IN",188
hrr,"Texarkana, AR",22
hrr,"Toledo, OH",334
hrr,"Topeka, KS",200
hrr,"Traverse City, MI",249
hrr,"Tucson, AZ",15
hrr,"Tulsa, OK",340
hrr,"Tupelo, MS",262
hrr,"Tuscaloosa, AL",9
hrr,"Tyler, TX",416
hrr,"Urbana, IL",173
hrr,"Ventura, CA",96
hrr,"Victoria, TX",417
hrr,"Waco, TX",418
hrr,"Washington, DC",113
hrr,"Waterloo, IA",197
hrr,"Wausau, WI",456
hrr,"White Plains, NY",308
hrr,"Wichita Falls, TX",420
hrr,"Wichita, KS",201
hrr,"Wilkes-Barre, PA",362
hrr,"Wilmington, DE",112
hrr,"Wilmington, NC",319
hrr,"Winchester, VA",435
hrr,"Winston-Salem, NC",320
hrr,"Worcester, MA",231
hrr,"Yakima, WA",442
hrr,"York, PA",363
hrr,"Youngstown, OH",335
